date,qsim,year,month,qobs
1990-01-01,20.23774953135293,1990,1,
1990-01-02,76.55528610410774,1990,1,
1990-01-03,126.13805981842154,1990,1,
1990-01-04,142.82322310414767,1990,1,
1990-01-05,142.3248085844181,1990,1,
1990-01-06,139.3490974193787,1990,1,
1990-01-07,136.97544135431764,1990,1,
1990-01-08,132.15833712671144,1990,1,
1990-01-09,130.4905639583603,1990,1,
1990-01-10,129.95165548390543,1990,1,
1990-01-11,123.78488400711204,1990,1,
1990-01-12,116.2118046159111,1990,1,
1990-01-13,113.14610196687164,1990,1,
1990-01-14,113.8099823394781,1990,1,
1990-01-15,114.92405422358163,1990,1,
1990-01-16,117.76945119159711,1990,1,
1990-01-17,117.04136375813448,1990,1,
1990-01-18,113.6645864008397,1990,1,
1990-01-19,110.38529433509724,1990,1,
1990-01-20,105.46292361440123,1990,1,
1990-01-21,100.41272990324376,1990,1,
1990-01-22,96.3876214250772,1990,1,
1990-01-23,118.16676348137064,1990,1,
1990-01-24,139.0973870240234,1990,1,
1990-01-25,141.27971024086574,1990,1,
1990-01-26,141.22254405168115,1990,1,
1990-01-27,125.17058760382588,1990,1,
1990-01-28,110.34576917297882,1990,1,
1990-01-29,103.36820225349662,1990,1,
1990-01-30,102.01537218216365,1990,1,
1990-01-31,97.2002834693095,1990,1,
1990-02-01,96.58876250622738,1990,2,
1990-02-02,101.15874924707964,1990,2,
1990-02-03,103.25353938902566,1990,2,
1990-02-04,100.12509274435185,1990,2,
1990-02-05,92.87857911404048,1990,2,
1990-02-06,87.69241784162176,1990,2,
1990-02-07,84.9585366873196,1990,2,
1990-02-08,83.22016482715844,1990,2,
1990-02-09,82.65669957202162,1990,2,
1990-02-10,98.27676509452034,1990,2,
1990-02-11,122.26837355656323,1990,2,
1990-02-12,125.60050852770804,1990,2,
1990-02-13,133.8198991446886,1990,2,
1990-02-14,180.66577443817505,1990,2,
1990-02-15,237.67930500842988,1990,2,
1990-02-16,247.8196671915803,1990,2,
1990-02-17,226.87697755590787,1990,2,
1990-02-18,199.6607840984928,1990,2,
1990-02-19,177.35757537672805,1990,2,
1990-02-20,161.12301397831416,1990,2,
1990-02-21,149.19682269706573,1990,2,
1990-02-22,140.00929649432703,1990,2,
1990-02-23,132.42590014466722,1990,2,
1990-02-24,125.84084655394533,1990,2,
1990-02-25,121.90781913519682,1990,2,
1990-02-26,140.86192842498068,1990,2,
1990-02-27,175.9107669670503,1990,2,
1990-02-28,219.4664425558831,1990,2,
1990-03-01,272.8331599046356,1990,3,
1990-03-02,305.1754112270344,1990,3,
1990-03-03,297.95818503731886,1990,3,
1990-03-04,267.60992392236125,1990,3,
1990-03-05,234.4732803561615,1990,3,
1990-03-06,206.981169955416,1990,3,
1990-03-07,185.9670855715281,1990,3,
1990-03-08,169.17729654566355,1990,3,
1990-03-09,155.44656049041066,1990,3,
1990-03-10,144.90202927760308,1990,3,
1990-03-11,136.7973193950522,1990,3,
1990-03-12,130.09122437066753,1990,3,
1990-03-13,124.22399829518314,1990,3,
1990-03-14,119.06902329293372,1990,3,
1990-03-15,114.8604347486032,1990,3,
1990-03-16,111.57195618090566,1990,3,
1990-03-17,108.04421820456324,1990,3,
1990-03-18,104.3133156338571,1990,3,
1990-03-19,100.89073583161938,1990,3,
1990-03-20,97.8891859934637,1990,3,
1990-03-21,95.29346631833587,1990,3,
1990-03-22,93.15330380469858,1990,3,
1990-03-23,90.96152385754684,1990,3,
1990-03-24,88.85664806989816,1990,3,
1990-03-25,86.8748616872392,1990,3,
1990-03-26,85.22953089813598,1990,3,
1990-03-27,83.68643387623001,1990,3,
1990-03-28,82.54643405148902,1990,3,
1990-03-29,86.23476652254423,1990,3,
1990-03-30,89.34851700711145,1990,3,
1990-03-31,87.32260991330789,1990,3,
1990-04-01,83.99043175165971,1990,4,
1990-04-02,81.37756324376925,1990,4,
1990-04-03,80.40424953749415,1990,4,
1990-04-04,81.94264971728562,1990,4,
1990-04-05,82.45480845153158,1990,4,
1990-04-06,80.53354794138514,1990,4,
1990-04-07,78.29540643020192,1990,4,
1990-04-08,76.67971662599872,1990,4,
1990-04-09,75.06588876847013,1990,4,
1990-04-10,73.51879016181691,1990,4,
1990-04-11,72.1263582914872,1990,4,
1990-04-12,71.06444724181203,1990,4,
1990-04-13,72.14370565293542,1990,4,
1990-04-14,79.69974294627629,1990,4,
1990-04-15,89.55242571161762,1990,4,
1990-04-16,90.1925260251465,1990,4,
1990-04-17,87.7991863341942,1990,4,
1990-04-18,85.22279888618102,1990,4,
1990-04-19,84.58667326701239,1990,4,
1990-04-20,83.07492473503923,1990,4,
1990-04-21,80.38460297568942,1990,4,
1990-04-22,80.67447905463132,1990,4,
1990-04-23,82.1848111321972,1990,4,
1990-04-24,82.58788480860518,1990,4,
1990-04-25,83.43390995969075,1990,4,
1990-04-26,81.604627187107,1990,4,
1990-04-27,78.59668160580803,1990,4,
1990-04-28,76.10245309919111,1990,4,
1990-04-29,74.23354887682702,1990,4,
1990-04-30,72.52617982172303,1990,4,
1990-05-01,70.83735147723384,1990,5,
1990-05-02,69.23018522252629,1990,5,
1990-05-03,67.72475488887396,1990,5,
1990-05-04,66.31314536487368,1990,5,
1990-05-05,64.98575409778643,1990,5,
1990-05-06,63.73442483907966,1990,5,
1990-05-07,62.55221784779636,1990,5,
1990-05-08,61.45492491169838,1990,5,
1990-05-09,60.75598303527329,1990,5,
1990-05-10,62.52495052031595,1990,5,
1990-05-11,64.69999492569923,1990,5,
1990-05-12,63.434575052512166,1990,5,
1990-05-13,61.06156596879131,1990,5,
1990-05-14,59.04296858807732,1990,5,
1990-05-15,57.657605933187206,1990,5,
1990-05-16,56.804359086408034,1990,5,
1990-05-17,56.04623668962315,1990,5,
1990-05-18,55.11890204758991,1990,5,
1990-05-19,54.18882133334804,1990,5,
1990-05-20,53.34497641935994,1990,5,
1990-05-21,52.92770913157377,1990,5,
1990-05-22,55.928841326713474,1990,5,
1990-05-23,57.52771847170855,1990,5,
1990-05-24,58.60258038829364,1990,5,
1990-05-25,58.24127399457052,1990,5,
1990-05-26,57.536159027973405,1990,5,
1990-05-27,55.06585369653691,1990,5,
1990-05-28,52.574024446230005,1990,5,
1990-05-29,51.15970836844938,1990,5,
1990-05-30,50.21343335640547,1990,5,
1990-05-31,49.394868143671744,1990,5,
1990-06-01,51.47561903576239,1990,6,
1990-06-02,52.59313935013364,1990,6,
1990-06-03,61.64385173965669,1990,6,
1990-06-04,71.58656698327637,1990,6,
1990-06-05,64.02141877764774,1990,6,
1990-06-06,55.91163075056112,1990,6,
1990-06-07,61.627620976449066,1990,6,
1990-06-08,81.48132471266895,1990,6,
1990-06-09,92.47897959723456,1990,6,
1990-06-10,85.71909571795942,1990,6,
1990-06-11,75.70609603275405,1990,6,
1990-06-12,69.07400422429886,1990,6,
1990-06-13,64.62861389097628,1990,6,
1990-06-14,61.85917570620987,1990,6,
1990-06-15,59.83868695843383,1990,6,
1990-06-16,57.97073548999887,1990,6,
1990-06-17,56.22730400168634,1990,6,
1990-06-18,54.64633252330543,1990,6,
1990-06-19,56.33495333932236,1990,6,
1990-06-20,65.77492089355356,1990,6,
1990-06-21,76.13025636988613,1990,6,
1990-06-22,75.5684508365347,1990,6,
1990-06-23,70.52067087940702,1990,6,
1990-06-24,64.75195706760734,1990,6,
1990-06-25,60.81462912045576,1990,6,
1990-06-26,58.32598506046349,1990,6,
1990-06-27,59.27816592294005,1990,6,
1990-06-28,60.61515338855668,1990,6,
1990-06-29,65.49304189725113,1990,6,
1990-06-30,85.75008420160368,1990,6,
1990-07-01,96.55941200007597,1990,7,
1990-07-02,85.98793765714801,1990,7,
1990-07-03,75.40881087657671,1990,7,
1990-07-04,75.16337883399713,1990,7,
1990-07-05,94.10006884415098,1990,7,
1990-07-06,106.16339864367664,1990,7,
1990-07-07,104.84090977863924,1990,7,
1990-07-08,103.07526092612066,1990,7,
1990-07-09,98.01193020455324,1990,7,
1990-07-10,91.91565394412844,1990,7,
1990-07-11,85.59192673298683,1990,7,
1990-07-12,80.47565113926713,1990,7,
1990-07-13,76.42636182870648,1990,7,
1990-07-14,72.999224061193,1990,7,
1990-07-15,69.95387916277527,1990,7,
1990-07-16,67.20038929905826,1990,7,
1990-07-17,64.69654917449537,1990,7,
1990-07-18,62.41236376631963,1990,7,
1990-07-19,60.32268623781285,1990,7,
1990-07-20,58.40572712180353,1990,7,
1990-07-21,56.642479098716166,1990,7,
1990-07-22,55.01631194490185,1990,7,
1990-07-23,53.51263937277508,1990,7,
1990-07-24,52.11863838469348,1990,7,
1990-07-25,50.82301152036717,1990,7,
1990-07-26,49.61578472673008,1990,7,
1990-07-27,48.48813496085836,1990,7,
1990-07-28,49.16241809647911,1990,7,
1990-07-29,48.50162377252823,1990,7,
1990-07-30,46.26923819138455,1990,7,
1990-07-31,45.02643437686273,1990,7,
1990-08-01,44.11815482475456,1990,8,
1990-08-02,43.3002178163762,1990,8,
1990-08-03,42.5300856552272,1990,8,
1990-08-04,41.79912267584036,1990,8,
1990-08-05,41.10340601709122,1990,8,
1990-08-06,40.43987242767661,1990,8,
1990-08-07,39.805978505373794,1990,8,
1990-08-08,39.19913671771069,1990,8,
1990-08-09,38.61683583359659,1990,8,
1990-08-10,38.057145173008834,1990,8,
1990-08-11,37.5183664616925,1990,8,
1990-08-12,36.9989053850108,1990,8,
1990-08-13,37.31954718796788,1990,8,
1990-08-14,44.65539020954058,1990,8,
1990-08-15,53.89964135094809,1990,8,
1990-08-16,54.18795581837799,1990,8,
1990-08-17,48.12283752288632,1990,8,
1990-08-18,43.05881522232369,1990,8,
1990-08-19,39.37087917235483,1990,8,
1990-08-20,37.15073220760854,1990,8,
1990-08-21,36.06630342284879,1990,8,
1990-08-22,35.38650058553579,1990,8,
1990-08-23,34.80938982807489,1990,8,
1990-08-24,34.26844462462908,1990,8,
1990-08-25,33.752198077192574,1990,8,
1990-08-26,33.260951452756835,1990,8,
1990-08-27,32.92259200008581,1990,8,
1990-08-28,33.18843068153321,1990,8,
1990-08-29,33.21742063843812,1990,8,
1990-08-30,52.83679585368706,1990,8,
1990-08-31,98.76972263785608,1990,8,
1990-09-01,94.68875027387152,1990,9,
1990-09-02,65.75930363350334,1990,9,
1990-09-03,50.44420636624684,1990,9,
1990-09-04,44.88357912981832,1990,9,
1990-09-05,43.6316245156228,1990,9,
1990-09-06,44.64111234769063,1990,9,
1990-09-07,45.179847724958414,1990,9,
1990-09-08,44.79162586002522,1990,9,
1990-09-09,42.068099788643714,1990,9,
1990-09-10,39.74044895026984,1990,9,
1990-09-11,38.02654226021971,1990,9,
1990-09-12,36.80681624849703,1990,9,
1990-09-13,35.802289219629095,1990,9,
1990-09-14,34.896170991698085,1990,9,
1990-09-15,34.05786131014152,1990,9,
1990-09-16,33.27725710908509,1990,9,
1990-09-17,32.54806373776024,1990,9,
1990-09-18,31.86504412214396,1990,9,
1990-09-19,31.22360248643737,1990,9,
1990-09-20,30.61967275105725,1990,9,
1990-09-21,32.21925370545059,1990,9,
1990-09-22,51.96196565662556,1990,9,
1990-09-23,74.404565138291,1990,9,
1990-09-24,79.54978800494045,1990,9,
1990-09-25,69.89811028166496,1990,9,
1990-09-26,54.35735387333538,1990,9,
1990-09-27,46.602315808500144,1990,9,
1990-09-28,43.389813663313305,1990,9,
1990-09-29,41.50341699105073,1990,9,
1990-09-30,47.49923628044822,1990,9,
1990-10-01,75.89446144925536,1990,10,
1990-10-02,105.22782957585524,1990,10,
1990-10-03,110.26020725293353,1990,10,
1990-10-04,104.39239722158892,1990,10,
1990-10-05,92.23642637742886,1990,10,
1990-10-06,83.62509891738246,1990,10,
1990-10-07,77.2485381468846,1990,10,
1990-10-08,71.84548316155589,1990,10,
1990-10-09,67.44514149341619,1990,10,
1990-10-10,63.7254448167972,1990,10,
1990-10-11,60.44232013201718,1990,10,
1990-10-12,57.4953157890111,1990,10,
1990-10-13,54.83770552097699,1990,10,
1990-10-14,52.43477011980784,1990,10,
1990-10-15,50.28546536300804,1990,10,
1990-10-16,48.97232940195377,1990,10,
1990-10-17,49.594262007972766,1990,10,
1990-10-18,53.34645134191033,1990,10,
1990-10-19,55.19105166332894,1990,10,
1990-10-20,51.76556590299474,1990,10,
1990-10-21,47.98775387311783,1990,10,
1990-10-22,45.60482886067865,1990,10,
1990-10-23,43.902580398867904,1990,10,
1990-10-24,42.44429930992317,1990,10,
1990-10-25,41.34332824897558,1990,10,
1990-10-26,45.510152600633205,1990,10,
1990-10-27,57.17728911142956,1990,10,
1990-10-28,102.24835466601984,1990,10,
1990-10-29,156.5203872166093,1990,10,
1990-10-30,171.3254316246249,1990,10,
1990-10-31,167.5332068330072,1990,10,
1990-11-01,159.17318972812373,1990,11,
1990-11-02,154.93798332772764,1990,11,
1990-11-03,154.0221481299474,1990,11,
1990-11-04,158.18765075758188,1990,11,
1990-11-05,162.78631051723656,1990,11,
1990-11-06,161.0299951049525,1990,11,
1990-11-07,151.320941077474,1990,11,
1990-11-08,136.56691663254637,1990,11,
1990-11-09,121.08454250295124,1990,11,
1990-11-10,110.79602637228818,1990,11,
1990-11-11,114.22254948797438,1990,11,
1990-11-12,121.8857733459128,1990,11,
1990-11-13,135.2171907382516,1990,11,
1990-11-14,148.78749801252863,1990,11,
1990-11-15,155.77318286201202,1990,11,
1990-11-16,162.1941936213903,1990,11,
1990-11-17,167.20230346117,1990,11,
1990-11-18,168.45294664105984,1990,11,
1990-11-19,172.09547212773336,1990,11,
1990-11-20,197.0654533636852,1990,11,
1990-11-21,249.99715726268653,1990,11,
1990-11-22,292.81237210096265,1990,11,
1990-11-23,308.82057392150693,1990,11,
1990-11-24,315.86232395661455,1990,11,
1990-11-25,317.1075501093519,1990,11,
1990-11-26,302.7841387490167,1990,11,
1990-11-27,276.58201817823044,1990,11,
1990-11-28,245.2057255501864,1990,11,
1990-11-29,217.5730280449584,1990,11,
1990-11-30,197.76566764326404,1990,11,
1990-12-01,179.6948622619611,1990,12,
1990-12-02,162.57884223828324,1990,12,
1990-12-03,146.37464380324346,1990,12,
1990-12-04,133.2809411668765,1990,12,
1990-12-05,123.59627805722783,1990,12,
1990-12-06,116.1610505319,1990,12,
1990-12-07,109.8867876328239,1990,12,
1990-12-08,104.31912307659908,1990,12,
1990-12-09,99.33675443320897,1990,12,
1990-12-10,94.8617015924357,1990,12,
1990-12-11,90.82852619164102,1990,12,
1990-12-12,93.4528953984934,1990,12,
1990-12-13,104.36837618557604,1990,12,
1990-12-14,106.10152729069296,1990,12,
1990-12-15,101.37744111634235,1990,12,
1990-12-16,96.07548139929617,1990,12,
1990-12-17,91.4896131038072,1990,12,
1990-12-18,87.42126941505579,1990,12,
1990-12-19,83.77120463657074,1990,12,
1990-12-20,80.48236245940532,1990,12,
1990-12-21,90.04710241937254,1990,12,
1990-12-22,118.89826789580626,1990,12,
1990-12-23,138.8036038162046,1990,12,
1990-12-24,143.1071886880325,1990,12,
1990-12-25,151.96487812045672,1990,12,
1990-12-26,195.8486066748285,1990,12,
1990-12-27,268.35119265152616,1990,12,
1990-12-28,332.58920232698574,1990,12,
1990-12-29,396.6816466958515,1990,12,
1990-12-30,470.0995483907328,1990,12,
1990-12-31,544.9916664537401,1990,12,
1991-01-01,639.260730303629,1991,1,
1991-01-02,738.029712446688,1991,1,
1991-01-03,821.2349495150835,1991,1,
1991-01-04,853.9507992575767,1991,1,
1991-01-05,826.202475751028,1991,1,
1991-01-06,775.1600474101871,1991,1,
1991-01-07,711.6247724716022,1991,1,
1991-01-08,668.0277943966469,1991,1,
1991-01-09,645.6376097345872,1991,1,
1991-01-10,632.7537091427552,1991,1,
1991-01-11,642.146936844094,1991,1,
1991-01-12,637.2790229362028,1991,1,
1991-01-13,601.7509529979637,1991,1,
1991-01-14,533.3330053999297,1991,1,
1991-01-15,450.8315877210369,1991,1,
1991-01-16,375.3135585426842,1991,1,
1991-01-17,313.80878470617546,1991,1,
1991-01-18,267.4350653713421,1991,1,
1991-01-19,233.6187135471741,1991,1,
1991-01-20,208.92379303844191,1991,1,
1991-01-21,191.28730544487595,1991,1,
1991-01-22,183.5066988549912,1991,1,
1991-01-23,178.99451024513772,1991,1,
1991-01-24,171.88236344910084,1991,1,
1991-01-25,163.7467312937041,1991,1,
1991-01-26,155.6626768815813,1991,1,
1991-01-27,148.20879273117566,1991,1,
1991-01-28,141.43826740934998,1991,1,
1991-01-29,135.35420000092105,1991,1,
1991-01-30,129.88771708644222,1991,1,
1991-01-31,124.96116990250574,1991,1,
1991-02-01,120.50560328178214,1991,2,
1991-02-02,116.461784010674,1991,2,
1991-02-03,112.7789100959837,1991,2,
1991-02-04,109.41329752020056,1991,2,
1991-02-05,106.3272719239132,1991,2,
1991-02-06,103.48824887209564,1991,2,
1991-02-07,100.8679693144912,1991,2,
1991-02-08,98.44186173598924,1991,2,
1991-02-09,96.18850803676274,1991,2,
1991-02-10,94.0891946851565,1991,2,
1991-02-11,92.12753424914344,1991,2,
1991-02-12,90.28914523537638,1991,2,
1991-02-13,88.56138041183618,1991,2,
1991-02-14,86.93309558654478,1991,2,
1991-02-15,85.3944522573919,1991,2,
1991-02-16,84.28768518058641,1991,2,
1991-02-17,84.30589090943516,1991,2,
1991-02-18,83.6749660403246,1991,2,
1991-02-19,83.92516628041388,1991,2,
1991-02-20,90.83045597637124,1991,2,
1991-02-21,106.69443330636555,1991,2,
1991-02-22,128.62604792255067,1991,2,
1991-02-23,141.39746442546348,1991,2,
1991-02-24,146.4177434186329,1991,2,
1991-02-25,145.12199826235482,1991,2,
1991-02-26,141.91983179206656,1991,2,
1991-02-27,139.72195197836837,1991,2,
1991-02-28,139.7559600430137,1991,2,
1991-03-01,138.26990128641822,1991,3,
1991-03-02,137.08190435364358,1991,3,
1991-03-03,136.21022269552358,1991,3,
1991-03-04,134.33341958301614,1991,3,
1991-03-05,129.92089678863115,1991,3,
1991-03-06,124.27514369457602,1991,3,
1991-03-07,119.034842223412,1991,3,
1991-03-08,114.33288199873628,1991,3,
1991-03-09,110.20052026831776,1991,3,
1991-03-10,107.0116776610089,1991,3,
1991-03-11,105.25753131793252,1991,3,
1991-03-12,103.75199176915972,1991,3,
1991-03-13,101.0894766758389,1991,3,
1991-03-14,97.97400138282552,1991,3,
1991-03-15,95.00710187617834,1991,3,
1991-03-16,92.28886854735244,1991,3,
1991-03-17,89.79159018482007,1991,3,
1991-03-18,87.50058844856055,1991,3,
1991-03-19,100.59223241210566,1991,3,
1991-03-20,126.1776492915858,1991,3,
1991-03-21,144.09408503277572,1991,3,
1991-03-22,158.47681158971594,1991,3,
1991-03-23,165.0794158144666,1991,3,
1991-03-24,163.5146933129898,1991,3,
1991-03-25,154.5394675669563,1991,3,
1991-03-26,144.56753185215248,1991,3,
1991-03-27,136.17379577417546,1991,3,
1991-03-28,129.5427684902958,1991,3,
1991-03-29,123.62984399207376,1991,3,
1991-03-30,117.90531949984512,1991,3,
1991-03-31,112.67540413581912,1991,3,
1991-04-01,107.98261455050732,1991,4,
1991-04-02,103.75742358253584,1991,4,
1991-04-03,99.9366545658368,1991,4,
1991-04-04,96.57418813898704,1991,4,
1991-04-05,93.80074793415253,1991,4,
1991-04-06,91.3098453285046,1991,4,
1991-04-07,88.91248050408898,1991,4,
1991-04-08,86.66702602689355,1991,4,
1991-04-09,84.53067749138664,1991,4,
1991-04-10,82.4316932985442,1991,4,
1991-04-11,80.41603413858199,1991,4,
1991-04-12,78.51986827151929,1991,4,
1991-04-13,76.74832065131888,1991,4,
1991-04-14,75.09334189130819,1991,4,
1991-04-15,73.54466581978187,1991,4,
1991-04-16,72.09349284519192,1991,4,
1991-04-17,70.72767632929019,1991,4,
1991-04-18,69.45777808148382,1991,4,
1991-04-19,68.41911106759095,1991,4,
1991-04-20,67.82826530870695,1991,4,
1991-04-21,67.30955774593974,1991,4,
1991-04-22,68.06874209702032,1991,4,
1991-04-23,68.52265260610605,1991,4,
1991-04-24,67.81607897900142,1991,4,
1991-04-25,67.32242141764269,1991,4,
1991-04-26,66.10115905930708,1991,4,
1991-04-27,64.70520993782954,1991,4,
1991-04-28,63.49741339075474,1991,4,
1991-04-29,64.2125174627733,1991,4,
1991-04-30,75.25355516884235,1991,4,
1991-05-01,89.89500874451812,1991,5,
1991-05-02,94.99802260609772,1991,5,
1991-05-03,90.4146349960974,1991,5,
1991-05-04,83.61410144165941,1991,5,
1991-05-05,79.24160669901579,1991,5,
1991-05-06,76.43420378428898,1991,5,
1991-05-07,74.29822840286711,1991,5,
1991-05-08,72.3866493410461,1991,5,
1991-05-09,70.44863717391951,1991,5,
1991-05-10,68.6158014620312,1991,5,
1991-05-11,67.41598294597931,1991,5,
1991-05-12,68.15928934484891,1991,5,
1991-05-13,68.11419645840242,1991,5,
1991-05-14,66.52440176923706,1991,5,
1991-05-15,64.90429901366082,1991,5,
1991-05-16,65.26779558579237,1991,5,
1991-05-17,67.66263140681006,1991,5,
1991-05-18,67.12728130840242,1991,5,
1991-05-19,64.80156196200862,1991,5,
1991-05-20,62.95752753521664,1991,5,
1991-05-21,61.550116771555416,1991,5,
1991-05-22,60.30843937972474,1991,5,
1991-05-23,59.14892570360104,1991,5,
1991-05-24,58.05257882154629,1991,5,
1991-05-25,57.01244444507571,1991,5,
1991-05-26,56.02358642300226,1991,5,
1991-05-27,55.08169269909942,1991,5,
1991-05-28,54.18288004638736,1991,5,
1991-05-29,53.32363698794122,1991,5,
1991-05-30,52.50078438829632,1991,5,
1991-05-31,51.711441433432334,1991,5,
1991-06-01,50.95299544943085,1991,6,
1991-06-02,50.22307502338566,1991,6,
1991-06-03,49.51952602758387,1991,6,
1991-06-04,48.84039020530099,1991,6,
1991-06-05,48.18392771842333,1991,6,
1991-06-06,53.721645955292765,1991,6,
1991-06-07,61.19394266584346,1991,6,
1991-06-08,59.95948433526022,1991,6,
1991-06-09,57.57417287745155,1991,6,
1991-06-10,60.86247414289033,1991,6,
1991-06-11,62.12085088193879,1991,6,
1991-06-12,56.29216382475615,1991,6,
1991-06-13,52.34845743260748,1991,6,
1991-06-14,50.58743340974232,1991,6,
1991-06-15,49.421338654688896,1991,6,
1991-06-16,48.57063144568462,1991,6,
1991-06-17,49.01601180573652,1991,6,
1991-06-18,51.76203875868159,1991,6,
1991-06-19,52.906646464026686,1991,6,
1991-06-20,59.65378111660647,1991,6,
1991-06-21,73.06827075033566,1991,6,
1991-06-22,68.73373541561376,1991,6,
1991-06-23,64.45174483929533,1991,6,
1991-06-24,62.43543426128637,1991,6,
1991-06-25,57.67190165858462,1991,6,
1991-06-26,54.74223879183734,1991,6,
1991-06-27,55.74484559848091,1991,6,
1991-06-28,57.97015005152621,1991,6,
1991-06-29,57.012664359560176,1991,6,
1991-06-30,55.73075964773392,1991,6,
1991-07-01,53.34276077338427,1991,7,
1991-07-02,51.26748570579972,1991,7,
1991-07-03,49.7463112139468,1991,7,
1991-07-04,48.49534092437887,1991,7,
1991-07-05,47.36446766533973,1991,7,
1991-07-06,46.31273956513297,1991,7,
1991-07-07,46.39698020994883,1991,7,
1991-07-08,49.99105566328589,1991,7,
1991-07-09,49.19048850854858,1991,7,
1991-07-10,46.03818964391419,1991,7,
1991-07-11,44.03844012720487,1991,7,
1991-07-12,42.88256198218804,1991,7,
1991-07-13,48.08142276059541,1991,7,
1991-07-14,59.54130760942724,1991,7,
1991-07-15,60.218804677254944,1991,7,
1991-07-16,54.32575226356459,1991,7,
1991-07-17,48.98632873962955,1991,7,
1991-07-18,45.85865620520622,1991,7,
1991-07-19,44.230137339402994,1991,7,
1991-07-20,43.12068938248108,1991,7,
1991-07-21,42.16219191441095,1991,7,
1991-07-22,41.2744717436372,1991,7,
1991-07-23,40.44116056602378,1991,7,
1991-07-24,39.68149968848961,1991,7,
1991-07-25,45.829078682705706,1991,7,
1991-07-26,54.74534918237797,1991,7,
1991-07-27,54.657560571476175,1991,7,
1991-07-28,49.52761139414107,1991,7,
1991-07-29,44.64609883469684,1991,7,
1991-07-30,45.522329227316334,1991,7,
1991-07-31,47.4373643145446,1991,7,
1991-08-01,49.43833115405203,1991,8,
1991-08-02,47.11072127922122,1991,8,
1991-08-03,43.33586726281748,1991,8,
1991-08-04,41.238005588106994,1991,8,
1991-08-05,40.04685674733656,1991,8,
1991-08-06,39.11224431257946,1991,8,
1991-08-07,39.47263263891213,1991,8,
1991-08-08,39.9272507673092,1991,8,
1991-08-09,38.17947982886101,1991,8,
1991-08-10,36.62853330185575,1991,8,
1991-08-11,35.78955080734513,1991,8,
1991-08-12,35.10898294068668,1991,8,
1991-08-13,34.478948872304294,1991,8,
1991-08-14,33.8825797587994,1991,8,
1991-08-15,33.315369187941194,1991,8,
1991-08-16,32.7746076311381,1991,8,
1991-08-17,32.2580152278128,1991,8,
1991-08-18,31.76355915450436,1991,8,
1991-08-19,31.2894119506558,1991,8,
1991-08-20,30.833927512308723,1991,8,
1991-08-21,30.39562121931744,1991,8,
1991-08-22,29.973161441101567,1991,8,
1991-08-23,29.566201478012086,1991,8,
1991-08-24,29.21802843051557,1991,8,
1991-08-25,29.001402346186183,1991,8,
1991-08-26,28.645372313484724,1991,8,
1991-08-27,28.172937712508524,1991,8,
1991-08-28,27.76636991559216,1991,8,
1991-08-29,27.411704234310022,1991,8,
1991-08-30,27.0767309374353,1991,8,
1991-08-31,26.75185112111877,1991,8,
1991-09-01,26.480836022538835,1991,9,
1991-09-02,27.01423173051583,1991,9,
1991-09-03,27.861658909435608,1991,9,
1991-09-04,26.92622615417103,1991,9,
1991-09-05,25.77916820754629,1991,9,
1991-09-06,25.198158047583192,1991,9,
1991-09-07,24.8545278851524,1991,9,
1991-09-08,24.56385196752461,1991,9,
1991-09-09,24.28558856649069,1991,9,
1991-09-10,24.017758162061828,1991,9,
1991-09-11,25.645477613509453,1991,9,
1991-09-12,39.18302740025949,1991,9,
1991-09-13,45.20804351989204,1991,9,
1991-09-14,35.95223836503445,1991,9,
1991-09-15,28.31261220326208,1991,9,
1991-09-16,25.62534801590781,1991,9,
1991-09-17,24.78791047886871,1991,9,
1991-09-18,24.337471706366813,1991,9,
1991-09-19,23.95688694417224,1991,9,
1991-09-20,23.59812393972395,1991,9,
1991-09-21,23.254397345922587,1991,9,
1991-09-22,23.829769281038825,1991,9,
1991-09-23,33.653928649433176,1991,9,
1991-09-24,41.170671149946486,1991,9,
1991-09-25,48.86297556841347,1991,9,
1991-09-26,68.26480901249137,1991,9,
1991-09-27,70.59403446929561,1991,9,
1991-09-28,76.94403449511059,1991,9,
1991-09-29,85.09527633594486,1991,9,
1991-09-30,83.94480883404124,1991,9,
1991-10-01,81.45599777933869,1991,10,
1991-10-02,72.60525960622738,1991,10,
1991-10-03,64.24287624841969,1991,10,
1991-10-04,58.77415900938939,1991,10,
1991-10-05,62.73465930663568,1991,10,
1991-10-06,81.46350555569923,1991,10,
1991-10-07,91.87676571407492,1991,10,
1991-10-08,85.11641353241036,1991,10,
1991-10-09,74.70237187523446,1991,10,
1991-10-10,67.63424476740055,1991,10,
1991-10-11,62.82634341311314,1991,10,
1991-10-12,63.85863668726355,1991,10,
1991-10-13,70.5994032129239,1991,10,
1991-10-14,74.51511002852857,1991,10,
1991-10-15,70.62535800687068,1991,10,
1991-10-16,65.97510448552323,1991,10,
1991-10-17,67.42936850119297,1991,10,
1991-10-18,77.38319494675513,1991,10,
1991-10-19,89.58056998572027,1991,10,
1991-10-20,86.93360848619362,1991,10,
1991-10-21,80.73109659513645,1991,10,
1991-10-22,75.49523017814228,1991,10,
1991-10-23,70.6383791777133,1991,10,
1991-10-24,66.18040053452513,1991,10,
1991-10-25,62.37419793918864,1991,10,
1991-10-26,59.0774374152543,1991,10,
1991-10-27,56.154261521553146,1991,10,
1991-10-28,53.52908035756886,1991,10,
1991-10-29,51.15837427797853,1991,10,
1991-10-30,49.25281678124836,1991,10,
1991-10-31,50.6964972481781,1991,10,
1991-11-01,57.18639091123829,1991,11,
1991-11-02,62.96508207282962,1991,11,
1991-11-03,65.64839974675805,1991,11,
1991-11-04,85.48491096634325,1991,11,
1991-11-05,111.70968443762251,1991,11,
1991-11-06,119.92471718748402,1991,11,
1991-11-07,123.5744470802836,1991,11,
1991-11-08,130.29578289962924,1991,11,
1991-11-09,137.10546839714175,1991,11,
1991-11-10,143.7114241250599,1991,11,
1991-11-11,154.41316717113497,1991,11,
1991-11-12,182.56540592979584,1991,11,
1991-11-13,213.50176578824087,1991,11,
1991-11-14,262.0993113083675,1991,11,
1991-11-15,347.9959127154123,1991,11,
1991-11-16,393.7486397332016,1991,11,
1991-11-17,378.5549418418321,1991,11,
1991-11-18,344.66519049599964,1991,11,
1991-11-19,315.00968125164087,1991,11,
1991-11-20,292.3500323422655,1991,11,
1991-11-21,273.7394803068637,1991,11,
1991-11-22,253.649089198026,1991,11,
1991-11-23,228.193034093616,1991,11,
1991-11-24,200.0365149589766,1991,11,
1991-11-25,175.03233112811424,1991,11,
1991-11-26,154.6027137486146,1991,11,
1991-11-27,137.67566452264953,1991,11,
1991-11-28,123.74228467277358,1991,11,
1991-11-29,113.39650786191868,1991,11,
1991-11-30,106.05819473394956,1991,11,
1991-12-01,100.29574825159357,1991,12,
1991-12-02,95.3264960345466,1991,12,
1991-12-03,90.89225056679804,1991,12,
1991-12-04,86.89812046614183,1991,12,
1991-12-05,83.28639049331127,1991,12,
1991-12-06,80.01067163435842,1991,12,
1991-12-07,77.03126868167698,1991,12,
1991-12-08,74.31382642639309,1991,12,
1991-12-09,71.82849866890722,1991,12,
1991-12-10,69.54928483513437,1991,12,
1991-12-11,67.45347710931436,1991,12,
1991-12-12,65.52119590100278,1991,12,
1991-12-13,63.73499796206381,1991,12,
1991-12-14,62.079544647305504,1991,12,
1991-12-15,60.54132016884159,1991,12,
1991-12-16,59.4326362334397,1991,12,
1991-12-17,90.54750196369834,1991,12,
1991-12-18,135.24523343958867,1991,12,
1991-12-19,186.8503877990473,1991,12,
1991-12-20,260.96325274837363,1991,12,
1991-12-21,354.7793364808392,1991,12,
1991-12-22,454.0495119414488,1991,12,
1991-12-23,555.9520541489854,1991,12,
1991-12-24,600.8493543947758,1991,12,
1991-12-25,567.53759321765,1991,12,
1991-12-26,495.6958084330925,1991,12,
1991-12-27,420.32774900386727,1991,12,
1991-12-28,356.0745825986964,1991,12,
1991-12-29,304.3862356005414,1991,12,
1991-12-30,261.31809978670805,1991,12,
1991-12-31,225.5869794306421,1991,12,
1992-01-01,196.9174320403181,1992,1,
1992-01-02,174.250323395721,1992,1,
1992-01-03,156.32762128308676,1992,1,
1992-01-04,144.04557647337504,1992,1,
1992-01-05,136.16070098606676,1992,1,
1992-01-06,128.6346315827793,1992,1,
1992-01-07,122.43442250317878,1992,1,
1992-01-08,118.24411877819448,1992,1,
1992-01-09,117.4832822098324,1992,1,
1992-01-10,127.14683700259724,1992,1,
1992-01-11,146.12358415929057,1992,1,
1992-01-12,152.60358963079233,1992,1,
1992-01-13,146.97997667670975,1992,1,
1992-01-14,138.33937489855623,1992,1,
1992-01-15,130.5120853462863,1992,1,
1992-01-16,123.72551559598008,1992,1,
1992-01-17,117.78658362194544,1992,1,
1992-01-18,112.4965964098692,1992,1,
1992-01-19,110.43397866111172,1992,1,
1992-01-20,109.49437847023228,1992,1,
1992-01-21,105.73413783673357,1992,1,
1992-01-22,102.69075269356428,1992,1,
1992-01-23,99.07669909567612,1992,1,
1992-01-24,95.49508309427203,1992,1,
1992-01-25,92.1924315257303,1992,1,
1992-01-26,89.17912742480001,1992,1,
1992-01-27,86.42569724267865,1992,1,
1992-01-28,83.90347468862448,1992,1,
1992-01-29,81.65156214296961,1992,1,
1992-01-30,80.13441681920125,1992,1,
1992-01-31,81.23750113529827,1992,1,
1992-02-01,85.25351880407582,1992,2,
1992-02-02,88.02191045658248,1992,2,
1992-02-03,88.64941451760922,1992,2,
1992-02-04,97.77073685076644,1992,2,
1992-02-05,122.13508884438488,1992,2,
1992-02-06,152.1442227990573,1992,2,
1992-02-07,178.45029880806203,1992,2,
1992-02-08,187.4981299241829,1992,2,
1992-02-09,179.63000956288158,1992,2,
1992-02-10,171.39098375753818,1992,2,
1992-02-11,175.1323366015721,1992,2,
1992-02-12,188.8056633234484,1992,2,
1992-02-13,203.9959748234889,1992,2,
1992-02-14,222.4426586288711,1992,2,
1992-02-15,237.7417920155009,1992,2,
1992-02-16,247.060745253175,1992,2,
1992-02-17,258.7957129916975,1992,2,
1992-02-18,259.6592355699709,1992,2,
1992-02-19,242.30339838962064,1992,2,
1992-02-20,215.20138063680955,1992,2,
1992-02-21,190.1429064193936,1992,2,
1992-02-22,170.30931774722904,1992,2,
1992-02-23,155.56603140663836,1992,2,
1992-02-24,145.28047323405,1992,2,
1992-02-25,138.19427164624696,1992,2,
1992-02-26,132.62173641660593,1992,2,
1992-02-27,126.86445051953405,1992,2,
1992-02-28,121.10229622042048,1992,2,
1992-02-29,115.85404081308585,1992,2,
1992-03-01,111.1858796612826,1992,3,
1992-03-02,107.10482446179836,1992,3,
1992-03-03,104.04075027358712,1992,3,
1992-03-04,102.96665218333987,1992,3,
1992-03-05,101.08280746085455,1992,3,
1992-03-06,98.0029526429966,1992,3,
1992-03-07,94.90457966031876,1992,3,
1992-03-08,92.05866175372624,1992,3,
1992-03-09,89.44836141659853,1992,3,
1992-03-10,87.11490077160529,1992,3,
1992-03-11,85.12576773741867,1992,3,
1992-03-12,98.18925631223594,1992,3,
1992-03-13,133.79253563705936,1992,3,
1992-03-14,172.73056264282175,1992,3,
1992-03-15,216.790846864648,1992,3,
1992-03-16,265.4569921455015,1992,3,
1992-03-17,298.6089032305267,1992,3,
1992-03-18,295.4345682249328,1992,3,
1992-03-19,265.6644610645216,1992,3,
1992-03-20,232.1604718987905,1992,3,
1992-03-21,206.3357407715041,1992,3,
1992-03-22,198.6967552299733,1992,3,
1992-03-23,223.01358862850591,1992,3,
1992-03-24,279.2796536381159,1992,3,
1992-03-25,342.47404578500976,1992,3,
1992-03-26,381.0372548712516,1992,3,
1992-03-27,380.820949709333,1992,3,
1992-03-28,352.52122423392166,1992,3,
1992-03-29,317.94125487660585,1992,3,
1992-03-30,285.865413917385,1992,3,
1992-03-31,255.31875149910263,1992,3,
1992-04-01,232.49545855938712,1992,4,
1992-04-02,232.25251959924927,1992,4,
1992-04-03,235.8345800906189,1992,4,
1992-04-04,234.65697868050063,1992,4,
1992-04-05,258.33563659711507,1992,4,
1992-04-06,276.73126345490465,1992,4,
1992-04-07,265.5492889327356,1992,4,
1992-04-08,239.0898870750151,1992,4,
1992-04-09,211.78963319983816,1992,4,
1992-04-10,188.47172758370667,1992,4,
1992-04-11,169.7380688380284,1992,4,
1992-04-12,154.64394753986917,1992,4,
1992-04-13,142.74834560645002,1992,4,
1992-04-14,135.33657010279134,1992,4,
1992-04-15,138.00935001484444,1992,4,
1992-04-16,153.28593895878643,1992,4,
1992-04-17,166.10961533659977,1992,4,
1992-04-18,170.6642082926154,1992,4,
1992-04-19,166.6332688779806,1992,4,
1992-04-20,158.50863311582296,1992,4,
1992-04-21,149.8551953058504,1992,4,
1992-04-22,142.31304692897115,1992,4,
1992-04-23,135.85227583074564,1992,4,
1992-04-24,130.1573174503925,1992,4,
1992-04-25,125.05116594477144,1992,4,
1992-04-26,120.46436613281874,1992,4,
1992-04-27,116.45045348208149,1992,4,
1992-04-28,114.79968162692212,1992,4,
1992-04-29,116.89580054000028,1992,4,
1992-04-30,117.44961239198764,1992,4,
1992-05-01,117.9647679198231,1992,5,
1992-05-02,130.04258851587164,1992,5,
1992-05-03,141.92373278280732,1992,5,
1992-05-04,141.44252006741442,1992,5,
1992-05-05,134.69760872774395,1992,5,
1992-05-06,128.03866476684044,1992,5,
1992-05-07,122.6362028694045,1992,5,
1992-05-08,118.02022559025131,1992,5,
1992-05-09,114.05804711474666,1992,5,
1992-05-10,116.33790876937984,1992,5,
1992-05-11,120.00903190615918,1992,5,
1992-05-12,114.09994877789886,1992,5,
1992-05-13,107.7549990798008,1992,5,
1992-05-14,104.21118887865242,1992,5,
1992-05-15,101.15165421068264,1992,5,
1992-05-16,98.33912754019842,1992,5,
1992-05-17,95.75967744275675,1992,5,
1992-05-18,93.37840599720566,1992,5,
1992-05-19,91.1695227974633,1992,5,
1992-05-20,89.11366726136428,1992,5,
1992-05-21,87.19523118919939,1992,5,
1992-05-22,85.40170698911136,1992,5,
1992-05-23,83.71897274269782,1992,5,
1992-05-24,82.13294944948088,1992,5,
1992-05-25,80.66974342776489,1992,5,
1992-05-26,83.97151205636635,1992,5,
1992-05-27,86.16305225464453,1992,5,
1992-05-28,80.74243933452475,1992,5,
1992-05-29,81.15657370246332,1992,5,
1992-05-30,84.35264049608332,1992,5,
1992-05-31,81.93885585783573,1992,5,
1992-06-01,79.9219654360812,1992,6,
1992-06-02,80.3022454392647,1992,6,
1992-06-03,81.98652324700271,1992,6,
1992-06-04,83.66353348770919,1992,6,
1992-06-05,94.7609234667406,1992,6,
1992-06-06,105.3853168941516,1992,6,
1992-06-07,106.63245573350332,1992,6,
1992-06-08,109.35643358307836,1992,6,
1992-06-09,113.50464753255233,1992,6,
1992-06-10,106.06884040781428,1992,6,
1992-06-11,99.49403715024624,1992,6,
1992-06-12,94.92122455694744,1992,6,
1992-06-13,91.50684499644927,1992,6,
1992-06-14,88.57644708189419,1992,6,
1992-06-15,85.92236709406667,1992,6,
1992-06-16,83.48628991623501,1992,6,
1992-06-17,81.24002728662587,1992,6,
1992-06-18,79.16221802848521,1992,6,
1992-06-19,77.2464252397851,1992,6,
1992-06-20,76.31540071888003,1992,6,
1992-06-21,76.13364563313728,1992,6,
1992-06-22,73.52543231758514,1992,6,
1992-06-23,73.36842881851506,1992,6,
1992-06-24,79.68055640040744,1992,6,
1992-06-25,79.96564839594093,1992,6,
1992-06-26,75.99200015046053,1992,6,
1992-06-27,73.15126248737631,1992,6,
1992-06-28,70.65239651555142,1992,6,
1992-06-29,68.67186884209345,1992,6,
1992-06-30,67.12494143318663,1992,6,
1992-07-01,65.82297501028094,1992,7,
1992-07-02,64.89637909842243,1992,7,
1992-07-03,64.19551276587586,1992,7,
1992-07-04,66.27171317136191,1992,7,
1992-07-05,81.7998738399167,1992,7,
1992-07-06,94.44442813911724,1992,7,
1992-07-07,92.3429854939643,1992,7,
1992-07-08,83.33900438285728,1992,7,
1992-07-09,75.76979321993156,1992,7,
1992-07-10,78.50280281147487,1992,7,
1992-07-11,89.33596484035199,1992,7,
1992-07-12,97.5678107587598,1992,7,
1992-07-13,96.60016892173768,1992,7,
1992-07-14,93.06475535032384,1992,7,
1992-07-15,87.08859347972519,1992,7,
1992-07-16,81.90266801972692,1992,7,
1992-07-17,78.37286116135583,1992,7,
1992-07-18,75.63112163214855,1992,7,
1992-07-19,73.22458857903099,1992,7,
1992-07-20,71.03276729325347,1992,7,
1992-07-21,69.03337846998038,1992,7,
1992-07-22,67.60286698835385,1992,7,
1992-07-23,67.23831133580632,1992,7,
1992-07-24,65.97118058977718,1992,7,
1992-07-25,63.946689957938055,1992,7,
1992-07-26,62.23612790545717,1992,7,
1992-07-27,60.81072945536025,1992,7,
1992-07-28,59.52034834570571,1992,7,
1992-07-29,58.315803176405375,1992,7,
1992-07-30,57.18268665692767,1992,7,
1992-07-31,56.16423638313029,1992,7,
1992-08-01,56.18767667344262,1992,8,
1992-08-02,56.35997135303092,1992,8,
1992-08-03,54.85065861842659,1992,8,
1992-08-04,53.22164537864734,1992,8,
1992-08-05,52.12220727697065,1992,8,
1992-08-06,51.2466899301173,1992,8,
1992-08-07,50.44357233667705,1992,8,
1992-08-08,49.67944600486922,1992,8,
1992-08-09,49.34053381161968,1992,8,
1992-08-10,50.43045413215415,1992,8,
1992-08-11,52.58967796887885,1992,8,
1992-08-12,56.83545060704045,1992,8,
1992-08-13,59.53329026865054,1992,8,
1992-08-14,60.389339453633134,1992,8,
1992-08-15,57.44767398207108,1992,8,
1992-08-16,55.79481405938393,1992,8,
1992-08-17,52.1210063071143,1992,8,
1992-08-18,48.97102578642273,1992,8,
1992-08-19,47.436479159321046,1992,8,
1992-08-20,48.86660635284761,1992,8,
1992-08-21,51.17646426514333,1992,8,
1992-08-22,49.63621757622934,1992,8,
1992-08-23,47.355213402212335,1992,8,
1992-08-24,45.96959874605916,1992,8,
1992-08-25,44.96726640017548,1992,8,
1992-08-26,43.918746063654766,1992,8,
1992-08-27,43.05355895202044,1992,8,
1992-08-28,42.67136614931376,1992,8,
1992-08-29,43.098037928475,1992,8,
1992-08-30,50.79090517034796,1992,8,
1992-08-31,66.40686610782784,1992,8,
1992-09-01,86.48364466763353,1992,9,
1992-09-02,95.22537803530923,1992,9,
1992-09-03,86.0155693760834,1992,9,
1992-09-04,74.83846602967698,1992,9,
1992-09-05,72.36622990438188,1992,9,
1992-09-06,69.73535754124262,1992,9,
1992-09-07,64.51488584419258,1992,9,
1992-09-08,59.93804163135828,1992,9,
1992-09-09,56.96195686876215,1992,9,
1992-09-10,54.732643448533935,1992,9,
1992-09-11,52.82575227986746,1992,9,
1992-09-12,51.22891009902088,1992,9,
1992-09-13,49.93406237659149,1992,9,
1992-09-14,48.87597637114843,1992,9,
1992-09-15,48.75647197238036,1992,9,
1992-09-16,48.33618539763935,1992,9,
1992-09-17,46.90063249301423,1992,9,
1992-09-18,45.17808521437081,1992,9,
1992-09-19,43.8678317585373,1992,9,
1992-09-20,42.9937699579721,1992,9,
1992-09-21,42.15824354919963,1992,9,
1992-09-22,41.155109625196665,1992,9,
1992-09-23,40.232283354333056,1992,9,
1992-09-24,39.41377677458375,1992,9,
1992-09-25,38.65528484506504,1992,9,
1992-09-26,37.93728592431662,1992,9,
1992-09-27,37.25657301699396,1992,9,
1992-09-28,36.62135238942695,1992,9,
1992-09-29,36.62863467096529,1992,9,
1992-09-30,37.952770489521306,1992,9,
1992-10-01,37.356632055061766,1992,10,
1992-10-02,35.992218236159765,1992,10,
1992-10-03,36.03141887433397,1992,10,
1992-10-04,37.41318869280345,1992,10,
1992-10-05,39.77132240854414,1992,10,
1992-10-06,48.09218150216086,1992,10,
1992-10-07,50.071113249057525,1992,10,
1992-10-08,44.34844484399949,1992,10,
1992-10-09,39.48055072640328,1992,10,
1992-10-10,37.9867088756522,1992,10,
1992-10-11,40.96391241486359,1992,10,
1992-10-12,42.86168000620566,1992,10,
1992-10-13,40.39515448548936,1992,10,
1992-10-14,37.92872802022134,1992,10,
1992-10-15,40.13701079812312,1992,10,
1992-10-16,44.11337240328493,1992,10,
1992-10-17,44.83089528597646,1992,10,
1992-10-18,43.51413123325296,1992,10,
1992-10-19,43.70836543513267,1992,10,
1992-10-20,46.3492827342279,1992,10,
1992-10-21,48.70763927194694,1992,10,
1992-10-22,46.65280189904973,1992,10,
1992-10-23,51.42063866879038,1992,10,
1992-10-24,79.84916287479388,1992,10,
1992-10-25,121.48210262949596,1992,10,
1992-10-26,147.6692542004234,1992,10,
1992-10-27,171.9302918750317,1992,10,
1992-10-28,197.98612411123744,1992,10,
1992-10-29,210.1834123394551,1992,10,
1992-10-30,221.02184242971973,1992,10,
1992-10-31,213.64147832095125,1992,10,
1992-11-01,191.6647793648345,1992,11,
1992-11-02,174.7630492848189,1992,11,
1992-11-03,165.54324215372637,1992,11,
1992-11-04,156.50851673390392,1992,11,
1992-11-05,151.59732555179883,1992,11,
1992-11-06,142.32533228027282,1992,11,
1992-11-07,128.92675369064503,1992,11,
1992-11-08,117.43498974122896,1992,11,
1992-11-09,110.97365052717356,1992,11,
1992-11-10,116.06696552399318,1992,11,
1992-11-11,143.40870299468477,1992,11,
1992-11-12,190.6320552333046,1992,11,
1992-11-13,235.69829261697248,1992,11,
1992-11-14,269.0265863898606,1992,11,
1992-11-15,300.5291397936285,1992,11,
1992-11-16,358.5638357956156,1992,11,
1992-11-17,446.5768382563,1992,11,
1992-11-18,495.5868559500984,1992,11,
1992-11-19,501.49841875511584,1992,11,
1992-11-20,485.400207638002,1992,11,
1992-11-21,456.1645628208617,1992,11,
1992-11-22,456.96637089440577,1992,11,
1992-11-23,476.9029711707124,1992,11,
1992-11-24,463.2647158038446,1992,11,
1992-11-25,425.8417310065397,1992,11,
1992-11-26,397.3531901770368,1992,11,
1992-11-27,388.7433475133988,1992,11,
1992-11-28,397.8777630715061,1992,11,
1992-11-29,420.1050649390358,1992,11,
1992-11-30,457.1235614494687,1992,11,
1992-12-01,470.4959125432581,1992,12,
1992-12-02,459.938435028261,1992,12,
1992-12-03,462.9905181112783,1992,12,
1992-12-04,481.1223043181203,1992,12,
1992-12-05,510.67012413008297,1992,12,
1992-12-06,523.2947747796071,1992,12,
1992-12-07,513.7728325278523,1992,12,
1992-12-08,481.4673492532497,1992,12,
1992-12-09,432.31758326982543,1992,12,
1992-12-10,375.8000184713085,1992,12,
1992-12-11,331.7645097911466,1992,12,
1992-12-12,312.80668634626335,1992,12,
1992-12-13,297.6229373542672,1992,12,
1992-12-14,277.4369701816161,1992,12,
1992-12-15,247.7988814834584,1992,12,
1992-12-16,220.01622564275067,1992,12,
1992-12-17,200.9540710568405,1992,12,
1992-12-18,188.52698281004257,1992,12,
1992-12-19,180.6462710097764,1992,12,
1992-12-20,174.05167504975978,1992,12,
1992-12-21,168.02348025235335,1992,12,
1992-12-22,167.28448586246995,1992,12,
1992-12-23,166.25987508542252,1992,12,
1992-12-24,159.52748003306542,1992,12,
1992-12-25,151.3736881280342,1992,12,
1992-12-26,143.870766325501,1992,12,
1992-12-27,137.23675815731227,1992,12,
1992-12-28,131.31828703468344,1992,12,
1992-12-29,126.00015012300209,1992,12,
1992-12-30,121.20072701566352,1992,12,
1992-12-31,116.85392049612864,1992,12,
1993-01-01,112.9036411566775,1993,1,
1993-01-02,109.30175986294104,1993,1,
1993-01-03,106.0068030398346,1993,1,
1993-01-04,102.98292004178684,1993,1,
1993-01-05,100.19903160020358,1993,1,
1993-01-06,103.4160342854044,1993,1,
1993-01-07,115.2851634440084,1993,1,
1993-01-08,125.86525326382144,1993,1,
1993-01-09,136.0383908388944,1993,1,
1993-01-10,162.42079876551654,1993,1,
1993-01-11,247.11930058412293,1993,1,
1993-01-12,389.7860472264665,1993,1,
1993-01-13,498.692501600634,1993,1,
1993-01-14,532.331644981031,1993,1,
1993-01-15,495.6274566751804,1993,1,
1993-01-16,426.9771426830141,1993,1,
1993-01-17,358.62429070749414,1993,1,
1993-01-18,304.89417490123896,1993,1,
1993-01-19,263.4506536003507,1993,1,
1993-01-20,232.7246749259897,1993,1,
1993-01-21,212.2772175074477,1993,1,
1993-01-22,199.5155797286507,1993,1,
1993-01-23,189.35175047089592,1993,1,
1993-01-24,189.131248870828,1993,1,
1993-01-25,214.81437407185408,1993,1,
1993-01-26,264.46273160568506,1993,1,
1993-01-27,294.9272818370227,1993,1,
1993-01-28,297.4544842211547,1993,1,
1993-01-29,301.2251830386353,1993,1,
1993-01-30,296.81851863996843,1993,1,
1993-01-31,277.4751620993363,1993,1,
1993-02-01,249.22245663159765,1993,2,
1993-02-02,221.83947416780472,1993,2,
1993-02-03,199.43081056674225,1993,2,
1993-02-04,181.5063326566,1993,2,
1993-02-05,167.37275103033616,1993,2,
1993-02-06,156.82191760181,1993,2,
1993-02-07,148.92635889099736,1993,2,
1993-02-08,142.31207643744756,1993,2,
1993-02-09,136.45216225683916,1993,2,
1993-02-10,131.18289398833113,1993,2,
1993-02-11,126.41505826270816,1993,2,
1993-02-12,122.08426729743512,1993,2,
1993-02-13,118.13720071027984,1993,2,
1993-02-14,114.52815022116742,1993,2,
1993-02-15,111.2176259962501,1993,2,
1993-02-16,108.31492156635676,1993,2,
1993-02-17,106.34328036890967,1993,2,
1993-02-18,105.18634445149694,1993,2,
1993-02-19,105.75232632753227,1993,2,
1993-02-20,108.75982985591804,1993,2,
1993-02-21,116.79025965944896,1993,2,
1993-02-22,121.7415049580531,1993,2,
1993-02-23,122.5778362190828,1993,2,
1993-02-24,119.5936397120961,1993,2,
1993-02-25,115.22424840456058,1993,2,
1993-02-26,111.24948209093638,1993,2,
1993-02-27,108.65996846188592,1993,2,
1993-02-28,107.55623191832848,1993,2,
1993-03-01,106.16323827856525,1993,3,
1993-03-02,104.36076389850808,1993,3,
1993-03-03,101.93683822248892,1993,3,
1993-03-04,99.81900102810106,1993,3,
1993-03-05,97.58649017801892,1993,3,
1993-03-06,95.13909305235592,1993,3,
1993-03-07,92.76795532475256,1993,3,
1993-03-08,90.67434419486943,1993,3,
1993-03-09,89.29356116378852,1993,3,
1993-03-10,87.92667614648866,1993,3,
1993-03-11,86.66430396072055,1993,3,
1993-03-12,86.45320296652172,1993,3,
1993-03-13,87.00731970913453,1993,3,
1993-03-14,86.97448548522117,1993,3,
1993-03-15,85.71311450487953,1993,3,
1993-03-16,83.98378695322785,1993,3,
1993-03-17,82.29730940324554,1993,3,
1993-03-18,80.74827501016078,1993,3,
1993-03-19,79.30471871129659,1993,3,
1993-03-20,77.94631081889246,1993,3,
1993-03-21,76.69114551664742,1993,3,
1993-03-22,78.06692032785422,1993,3,
1993-03-23,85.2495842262703,1993,3,
1993-03-24,91.14017112652876,1993,3,
1993-03-25,90.2134584891562,1993,3,
1993-03-26,86.75189245745918,1993,3,
1993-03-27,84.03875733411893,1993,3,
1993-03-28,81.92207703494456,1993,3,
1993-03-29,80.04624108459227,1993,3,
1993-03-30,78.3068514279927,1993,3,
1993-03-31,76.67743675000996,1993,3,
1993-04-01,75.21829269316213,1993,4,
1993-04-02,74.44213788092213,1993,4,
1993-04-03,75.3972817780754,1993,4,
1993-04-04,79.1696977189856,1993,4,
1993-04-05,86.9602340141019,1993,4,
1993-04-06,94.00584940457064,1993,4,
1993-04-07,96.33395198380458,1993,4,
1993-04-08,94.32261746002396,1993,4,
1993-04-09,91.20223112140977,1993,4,
1993-04-10,88.3785612568696,1993,4,
1993-04-11,88.61944702559542,1993,4,
1993-04-12,91.93784971286568,1993,4,
1993-04-13,92.2257209799721,1993,4,
1993-04-14,91.59505652203036,1993,4,
1993-04-15,90.49660830681933,1993,4,
1993-04-16,88.25829306135766,1993,4,
1993-04-17,85.81251167879488,1993,4,
1993-04-18,83.58838811515878,1993,4,
1993-04-19,81.35188567215516,1993,4,
1993-04-20,79.18587119470266,1993,4,
1993-04-21,77.13348025893822,1993,4,
1993-04-22,75.20613752826839,1993,4,
1993-04-23,73.41049131464904,1993,4,
1993-04-24,71.731596255596,1993,4,
1993-04-25,70.15952300309107,1993,4,
1993-04-26,68.68550260335302,1993,4,
1993-04-27,67.30031060659971,1993,4,
1993-04-28,65.99547779820175,1993,4,
1993-04-29,64.76433248869641,1993,4,
1993-04-30,63.771409690160816,1993,4,
1993-05-01,62.92436562836696,1993,5,
1993-05-02,61.962774777188464,1993,5,
1993-05-03,61.61513611504893,1993,5,
1993-05-04,61.587943740709534,1993,5,
1993-05-05,60.65138299534831,1993,5,
1993-05-06,59.40336003948905,1993,5,
1993-05-07,58.80392049302964,1993,5,
1993-05-08,58.51620047485326,1993,5,
1993-05-09,57.31387111860413,1993,5,
1993-05-10,56.450220955585344,1993,5,
1993-05-11,56.84167304907218,1993,5,
1993-05-12,60.50605438942386,1993,5,
1993-05-13,78.57411654742135,1993,5,
1993-05-14,85.77113857733933,1993,5,
1993-05-15,73.99243213747995,1993,5,
1993-05-16,67.3496547848939,1993,5,
1993-05-17,63.75671990403601,1993,5,
1993-05-18,61.62078240813122,1993,5,
1993-05-19,62.850409236391975,1993,5,
1993-05-20,65.45066362692482,1993,5,
1993-05-21,65.44992530905613,1993,5,
1993-05-22,67.3272128478825,1993,5,
1993-05-23,64.8911617359296,1993,5,
1993-05-24,61.23472100898397,1993,5,
1993-05-25,58.93732199094924,1993,5,
1993-05-26,57.76480396446146,1993,5,
1993-05-27,58.78163134021086,1993,5,
1993-05-28,62.874808544155,1993,5,
1993-05-29,65.47524118939297,1993,5,
1993-05-30,65.36180774732034,1993,5,
1993-05-31,65.59209699006674,1993,5,
1993-06-01,62.978603301984464,1993,6,
1993-06-02,60.2830159761682,1993,6,
1993-06-03,59.43280866390193,1993,6,
1993-06-04,60.20077563505756,1993,6,
1993-06-05,59.84586107310016,1993,6,
1993-06-06,57.59858812756851,1993,6,
1993-06-07,55.45723663072093,1993,6,
1993-06-08,53.89369496591464,1993,6,
1993-06-09,52.61874402492416,1993,6,
1993-06-10,51.53210117484991,1993,6,
1993-06-11,50.67155800475339,1993,6,
1993-06-12,50.12981285745091,1993,6,
1993-06-13,50.64196345249169,1993,6,
1993-06-14,50.74091031947534,1993,6,
1993-06-15,51.440567636320935,1993,6,
1993-06-16,51.742772147128186,1993,6,
1993-06-17,51.12035491474117,1993,6,
1993-06-18,50.12400694810456,1993,6,
1993-06-19,48.720700942492535,1993,6,
1993-06-20,52.338903335933765,1993,6,
1993-06-21,65.29166233610405,1993,6,
1993-06-22,66.99866808305728,1993,6,
1993-06-23,68.79105735448951,1993,6,
1993-06-24,76.92659978145538,1993,6,
1993-06-25,74.11013806658991,1993,6,
1993-06-26,67.52457110067535,1993,6,
1993-06-27,63.414925440709176,1993,6,
1993-06-28,60.84748234422156,1993,6,
1993-06-29,58.7940671613645,1993,6,
1993-06-30,56.95786285725527,1993,6,
1993-07-01,55.30605278353418,1993,7,
1993-07-02,54.68202485866784,1993,7,
1993-07-03,54.79483058767148,1993,7,
1993-07-04,53.19375963098541,1993,7,
1993-07-05,51.38221773156626,1993,7,
1993-07-06,49.8059836923081,1993,7,
1993-07-07,48.57567052753237,1993,7,
1993-07-08,47.45708651700423,1993,7,
1993-07-09,46.420970536371634,1993,7,
1993-07-10,45.71735608078311,1993,7,
1993-07-11,45.79076219526999,1993,7,
1993-07-12,47.90479217167908,1993,7,
1993-07-13,55.95744352422719,1993,7,
1993-07-14,66.80117558014574,1993,7,
1993-07-15,70.74821778461093,1993,7,
1993-07-16,62.62617475427617,1993,7,
1993-07-17,56.34163735176568,1993,7,
1993-07-18,52.511709316120296,1993,7,
1993-07-19,57.522243845485285,1993,7,
1993-07-20,65.94248908904797,1993,7,
1993-07-21,64.43404239911455,1993,7,
1993-07-22,61.56850957062798,1993,7,
1993-07-23,60.417357802700025,1993,7,
1993-07-24,56.84569176062633,1993,7,
1993-07-25,53.56133294362769,1993,7,
1993-07-26,51.49364918049434,1993,7,
1993-07-27,59.56379217955193,1993,7,
1993-07-28,68.55041259069596,1993,7,
1993-07-29,59.80982686836518,1993,7,
1993-07-30,67.18674596173786,1993,7,
1993-07-31,87.9059695853522,1993,7,
1993-08-01,85.21049313447027,1993,8,
1993-08-02,73.63943227247428,1993,8,
1993-08-03,65.52280585928831,1993,8,
1993-08-04,61.27658638640842,1993,8,
1993-08-05,58.48136718905378,1993,8,
1993-08-06,56.15409848421327,1993,8,
1993-08-07,54.0749656134745,1993,8,
1993-08-08,52.18656041161535,1993,8,
1993-08-09,51.87093482043709,1993,8,
1993-08-10,55.81696008042994,1993,8,
1993-08-11,55.77954367691651,1993,8,
1993-08-12,53.64890098457843,1993,8,
1993-08-13,50.86659218481963,1993,8,
1993-08-14,48.8067671487345,1993,8,
1993-08-15,47.86706037143514,1993,8,
1993-08-16,46.56455476320801,1993,8,
1993-08-17,44.89760911129551,1993,8,
1993-08-18,43.61475981530429,1993,8,
1993-08-19,42.51004671993866,1993,8,
1993-08-20,41.49491168149815,1993,8,
1993-08-21,40.54950583036128,1993,8,
1993-08-22,39.66870198125776,1993,8,
1993-08-23,39.3151919138836,1993,8,
1993-08-24,41.29519961348088,1993,8,
1993-08-25,41.51461618751927,1993,8,
1993-08-26,39.255840519506286,1993,8,
1993-08-27,37.62199523043592,1993,8,
1993-08-28,37.73759554291573,1993,8,
1993-08-29,39.75353094022158,1993,8,
1993-08-30,38.81623085922424,1993,8,
1993-08-31,36.74713210124875,1993,8,
1993-09-01,35.54015377974336,1993,9,
1993-09-02,34.804859549520216,1993,9,
1993-09-03,34.218165282400854,1993,9,
1993-09-04,34.9485147664958,1993,9,
1993-09-05,38.192049812797386,1993,9,
1993-09-06,37.57056228639981,1993,9,
1993-09-07,42.06123479088682,1993,9,
1993-09-08,50.53934750645943,1993,9,
1993-09-09,46.92251556799966,1993,9,
1993-09-10,63.13295224880653,1993,9,
1993-09-11,85.24819012989688,1993,9,
1993-09-12,106.658116233366,1993,9,
1993-09-13,120.72281071866104,1993,9,
1993-09-14,141.38054947421958,1993,9,
1993-09-15,163.22800117637493,1993,9,
1993-09-16,158.51657657094685,1993,9,
1993-09-17,137.09603204223916,1993,9,
1993-09-18,122.23238702776656,1993,9,
1993-09-19,111.01878532090802,1993,9,
1993-09-20,102.02035506514692,1993,9,
1993-09-21,95.7039351811392,1993,9,
1993-09-22,98.01464641484938,1993,9,
1993-09-23,107.08258589446436,1993,9,
1993-09-24,116.66099499687108,1993,9,
1993-09-25,119.74814808230052,1993,9,
1993-09-26,115.81422582072136,1993,9,
1993-09-27,108.66197412546607,1993,9,
1993-09-28,100.89753968184054,1993,9,
1993-09-29,98.65050564152614,1993,9,
1993-09-30,98.85476664034012,1993,9,
1993-10-01,101.11228788723092,1993,10,
1993-10-02,108.2214059111859,1993,10,
1993-10-03,111.97507824878552,1993,10,
1993-10-04,116.07827010439952,1993,10,
1993-10-05,143.75724972734818,1993,10,
1993-10-06,173.0872956834809,1993,10,
1993-10-07,185.28392790023008,1993,10,
1993-10-08,187.84430208904016,1993,10,
1993-10-09,185.26400982976665,1993,10,
1993-10-10,192.78160718575504,1993,10,
1993-10-11,211.6269298426648,1993,10,
1993-10-12,233.468738449558,1993,10,
1993-10-13,260.23308257731463,1993,10,
1993-10-14,301.11798309463205,1993,10,
1993-10-15,323.7005069789753,1993,10,
1993-10-16,312.1246105406505,1993,10,
1993-10-17,299.2450857755174,1993,10,
1993-10-18,294.69483564970733,1993,10,
1993-10-19,281.12809686052464,1993,10,
1993-10-20,256.59080871317843,1993,10,
1993-10-21,227.9281966274428,1993,10,
1993-10-22,201.7574749926121,1993,10,
1993-10-23,186.1805676162517,1993,10,
1993-10-24,189.87244073077144,1993,10,
1993-10-25,193.84073192974583,1993,10,
1993-10-26,185.52572499544465,1993,10,
1993-10-27,168.2326589185858,1993,10,
1993-10-28,150.90287102106618,1993,10,
1993-10-29,137.32787471368565,1993,10,
1993-10-30,127.54252126002412,1993,10,
1993-10-31,119.94956880491758,1993,10,
1993-11-01,113.48507019613623,1993,11,
1993-11-02,107.7681403516973,1993,11,
1993-11-03,102.65683926556945,1993,11,
1993-11-04,98.06648076051664,1993,11,
1993-11-05,93.9300394142746,1993,11,
1993-11-06,90.2017407845114,1993,11,
1993-11-07,88.06358727827147,1993,11,
1993-11-08,86.41467595627205,1993,11,
1993-11-09,83.47042621127996,1993,11,
1993-11-10,81.70961761899035,1993,11,
1993-11-11,82.32234573524751,1993,11,
1993-11-12,84.3834181693873,1993,11,
1993-11-13,92.63465827526096,1993,11,
1993-11-14,104.45323794532756,1993,11,
1993-11-15,116.11508237448446,1993,11,
1993-11-16,120.42277736950412,1993,11,
1993-11-17,120.61991758951756,1993,11,
1993-11-18,115.73553243438828,1993,11,
1993-11-19,109.31771004561917,1993,11,
1993-11-20,103.75682379396774,1993,11,
1993-11-21,98.97194209156268,1993,11,
1993-11-22,94.71267370991798,1993,11,
1993-11-23,90.8716347240832,1993,11,
1993-11-24,87.3908551706092,1993,11,
1993-11-25,84.22677599841262,1993,11,
1993-11-26,81.45043060661196,1993,11,
1993-11-27,79.4538137410984,1993,11,
1993-11-28,77.48544141477026,1993,11,
1993-11-29,75.23883083604187,1993,11,
1993-11-30,73.09531107853715,1993,11,
1993-12-01,71.1277039761298,1993,12,
1993-12-02,71.83331392924585,1993,12,
1993-12-03,73.00695087169795,1993,12,
1993-12-04,73.5440071918439,1993,12,
1993-12-05,73.62162934084752,1993,12,
1993-12-06,71.75038464138069,1993,12,
1993-12-07,80.16548105959627,1993,12,
1993-12-08,107.55811478417571,1993,12,
1993-12-09,137.73640905840386,1993,12,
1993-12-10,177.72992851291667,1993,12,
1993-12-11,230.0108321902715,1993,12,
1993-12-12,303.0300807629256,1993,12,
1993-12-13,388.3480477264405,1993,12,
1993-12-14,433.08369219405495,1993,12,
1993-12-15,459.5355892412229,1993,12,
1993-12-16,492.907483776115,1993,12,
1993-12-17,534.7715044404518,1993,12,
1993-12-18,567.5736972351813,1993,12,
1993-12-19,606.8507717592192,1993,12,
1993-12-20,729.1848342887109,1993,12,
1993-12-21,914.7837886319847,1993,12,
1993-12-22,1041.9805286661865,1993,12,
1993-12-23,1104.8860955771163,1993,12,
1993-12-24,1123.035206930884,1993,12,
1993-12-25,1107.5359550201051,1993,12,
1993-12-26,1020.82331188319,1993,12,
1993-12-27,874.6269079989529,1993,12,
1993-12-28,731.1930160822134,1993,12,
1993-12-29,630.0456717721814,1993,12,
1993-12-30,594.4259915813019,1993,12,
1993-12-31,621.2397099479085,1993,12,
